{
  "dependencies": {
    "storage1": {
      "resourceId": "/subscriptions/[parameters('subscriptionId')]/resourceGroups/[parameters('resourceGroupName')]/providers/Microsoft.Storage/storageAccounts/azjhbrsgrcnast10099ada4",
      "type": "storage.azure",
      "connectionId": "AzureWebJobsStorage"
    },
    "mssql1": {
      "serviceConnectorResourceId": "",
      "secretStore": "AzureAppSettings",
      "type": "mssql.onprem",
      "connectionId": "ConnectionStrings:DatabaseConnection",
      "dynamicId": null
    }
  }
}