{
  "dependencies": {
    "appInsights1": {
      "type": "appInsights.sdk"
    },
    "storage1": {
      "type": "storage.emulator",
      "connectionId": "AzureWebJobsStorage"
    },
    "secrets1": {
      "type": "secrets.user"
    },
    "mssql1": {
      "serviceConnectorResourceId": "",
      "secretStore": "LocalSecretsFile",
      "type": "mssql.onprem",
      "connectionId": "ConnectionStrings:DatabaseConnection",
      "dynamicId": null
    },
    "compute1": {
      "group": "connections",
      "resourceId": "/subscriptions/[parameters('subscriptionId')]/resourceGroups/[parameters('resourceGroupName')]/providers/Microsoft.Web/sites/RealTimeProcessSystemApp",
      "type": "compute.function"
    },
    "compute.appService1": {
      "group": "connections",
      "resourceId": "/subscriptions/[parameters('subscriptionId')]/resourceGroups/[parameters('resourceGroupName')]/providers/Microsoft.Web/sites/RealTimeProcessSystem",
      "type": "compute.appService.windows"
    }
  }
}