{
  "dependencies": {
    "appInsights1": {
      "type": "appInsights"
    },
    "secrets1": {
      "type": "secrets"
    },
    "compute1": {
      "group": "connections",
      "type": "compute"
    },
    "compute.appService1": {
      "group": "connections",
      "type": "compute.appService"
    },
    "storage1": {
      "type": "storage",
      "connectionId": "AzureWebJobsStorage"
    },
    "mssql1": {
      "type": "mssql",
      "connectionId": "ConnectionStrings:DatabaseConnection",
      "dynamicId": null
    }
  }
}